n_kmeans,n_agglomerative,silhouette_score
1,2,0.1439211268591743
1,3,0.1987231980229082
1,4,0.24039405175552192
1,5,0.2633438027051434
1,6,0.2757972714754765
1,7,0.2855378327425936
1,8,0.29605903112722204
1,9,0.29933415774454475
1,10,0.30188909204508635
1,11,0.3176179037077066
1,12,0.32159740758113253
1,13,0.3250123261158586
1,14,0.3316355642224626
1,15,0.3346848289997301
1,16,0.33731752670943577
1,17,0.3414131784862802
1,18,0.34465904984935464
1,19,0.34955282381002084
1,20,0.3133492613482875
1,21,0.32040546183162183
1,22,0.2944686551512253
1,23,0.29500912135671303
1,24,0.2970600809246424
1,25,0.29883269930449796
1,26,0.303480373841273
1,27,0.3046151270528324
1,28,0.3128526790718735
1,29,0.3242180451875463
1,30,0.32537893217653874
1,31,0.32668880640381004
1,32,0.33361934412350447
1,33,0.3254171383378804
1,34,0.32811424583527493
1,35,0.3310896154257542
1,36,0.3335182107633219
1,37,0.3281181060358846
1,38,0.3297463900059462
1,39,0.33309414833259343
1,40,0.3294553605866985
1,41,0.33192550574429486
1,42,0.33483702875279875
1,43,0.337096727859496
1,44,0.33988933145717315
1,45,0.3419689503769087
1,46,0.34311455728406637
1,47,0.3437262124413035
1,48,0.34451069685045665
1,49,0.3454486889855039
1,50,0.34736836125664317
2,1,0.22008376520123152
2,2,0.21754415919888875
2,3,0.2460100284677169
2,4,0.2677202676184137
2,5,0.249836436015307
2,6,0.2637921981940362
2,7,0.2872651152532747
2,8,0.29441864452099814
2,9,0.30872208634397236
2,10,0.31499597150764463
2,11,0.31382073390731113
2,12,0.31798801113087954
2,13,0.3246502486400142
2,14,0.32754398857579897
2,15,0.32980148517938884
2,16,0.3045464012594945
2,17,0.30908959285310816
2,18,0.31097592869364715
2,19,0.3133844120662546
2,20,0.32611344160074907
2,21,0.32976226461209224
2,22,0.333194935226425
2,23,0.33609626223675054
2,24,0.34009443731891725
2,25,0.34154762149621526
2,26,0.3334842603536787
2,27,0.32782082835905896
2,28,0.3290671876828164
2,29,0.32843360250563264
2,30,0.3316894430336647
2,31,0.33292662732094924
2,32,0.3320188946671631
2,33,0.3335292095735564
2,34,0.33753055649469077
2,35,0.33884893926565685
2,36,0.3397560991660341
2,37,0.3334336539440769
2,38,0.335091151626461
2,39,0.3359567161373535
2,40,0.33861120230732916
2,41,0.3391256922432873
2,42,0.2616679023172817
2,43,0.25695795660925724
2,44,0.25809540009474463
2,45,0.2591228599522027
2,46,0.2592922529390508
2,47,0.2613975837619666
2,48,0.26229200806701636
2,49,0.263712854686219
2,50,0.2628770683233227
3,1,0.2767785081076985
3,2,0.27956396025666436
3,3,0.295032675030768
3,4,0.31593825237200435
3,5,0.30255393906470057
3,6,0.29224234823018874
3,7,0.3079169457713891
3,8,0.31284932599118886
3,9,0.31892121430387677
3,10,0.2976817405620891
3,11,0.3002185002196551
3,12,0.30723738610053175
3,13,0.3076241313751433
3,14,0.31365201901551615
3,15,0.3171852115810232
3,16,0.324623897425556
3,17,0.3189825957159326
3,18,0.32274942924778843
3,19,0.32513242723205854
3,20,0.32857015279075935
3,21,0.3297102386264383
3,22,0.33883739842636534
3,23,0.3413629624137361
3,24,0.3437837201480944
3,25,0.33539209824589983
3,26,0.33880574211811765
3,27,0.26066369820903024
3,28,0.26230432240522183
3,29,0.2606990191152257
3,30,0.26150121928476416
3,31,0.2648631810801173
3,32,0.2663926558836515
3,33,0.26816831648067746
3,34,0.26521003686621697
3,35,0.26798643602750144
3,36,0.2643386444117494
3,37,0.2652602393371861
3,38,0.2646030202677926
3,39,0.2667480988876466
3,40,0.2631071593029956
3,41,0.265617295068703
3,42,0.26625966741734775
3,43,0.2677754164308758
3,44,0.2685134119830517
3,45,0.2686546800718226
3,46,0.2682851254639713
3,47,0.2706649919120602
3,48,0.27247621523747123
3,49,0.27306711954904944
3,50,0.27240374654796107
4,1,0.28215280210543414
4,2,0.23595680987995235
4,3,0.24569290576910974
4,4,0.2629947506291724
4,5,0.26007221365285454
4,6,0.2574493133282454
4,7,0.266791972926104
4,8,0.2763211543054309
4,9,0.2739430413662061
4,10,0.28505613050678485
4,11,0.2849536123370729
4,12,0.2851317465063312
4,13,0.2852278143181795
4,14,0.29272271554829205
4,15,0.28884516465524945
4,16,0.2833818038977858
4,17,0.2862930941854306
4,18,0.2954293900784473
4,19,0.23773404322730565
4,20,0.2418457570616661
4,21,0.24652661428972572
4,22,0.2485315426668643
4,23,0.2528988701073177
4,24,0.24460245000023
4,25,0.24686244931676182
4,26,0.24887243444913365
4,27,0.25219876326017276
4,28,0.2528126843536595
4,29,0.2536941651419283
4,30,0.2552556241006826
4,31,0.25542474788797126
4,32,0.25897596234729753
4,33,0.2571268309262526
4,34,0.256614189373316
4,35,0.2599450385200726
4,36,0.2634268785916376
4,37,0.2590013028926413
4,38,0.26054161182601054
4,39,0.26196949300585287
4,40,0.23356031582646306
4,41,0.23451056237352955
4,42,0.2391302496410423
4,43,0.23961704991554078
4,44,0.2394743924276202
4,45,0.24127363342375088
4,46,0.24329719007234993
4,47,0.2408264873999215
4,48,0.24598077675907923
4,49,0.24728120944441073
4,50,0.24878568327419942
5,1,0.29460278735850715
5,2,0.26073201778430116
5,3,0.27642528176688935
5,4,0.24471907838609455
5,5,0.20386755399180642
5,6,0.22074785877606712
5,7,0.22180142456960264
5,8,0.2274574275418304
5,9,0.2377220862392262
5,10,0.24479953521760925
5,11,0.24913114855790422
5,12,0.25596826363099084
5,13,0.2492960883732175
5,14,0.2520724485024422
5,15,0.2533351614566484
5,16,0.25673947263264
5,17,0.2595650417483237
5,18,0.24316404340913747
5,19,0.24871272184574403
5,20,0.24385678331268046
5,21,0.2446709766010662
5,22,0.24683227923666884
5,23,0.24906280155544688
5,24,0.25178092807848235
5,25,0.2518863547951436
5,26,0.24754139188174917
5,27,0.2495674512629633
5,28,0.2545411165037931
5,29,0.2570728986126948
5,30,0.2597777142692536
5,31,0.2633633338881158
5,32,0.2393773369954455
5,33,0.23543849330547
5,34,0.2371803683934193
5,35,0.23871417352795282
5,36,0.23950094294408708
5,37,0.23950490101709992
5,38,0.2385717514411243
5,39,0.23921247501971385
5,40,0.24439467718030788
5,41,0.2440477974031893
5,42,0.2438955044265357
5,43,0.24535652366378669
5,44,0.2471314976125871
5,45,0.2474471555986012
5,46,0.24663605480370812
5,47,0.24857507873172405
5,48,0.2500009905856271
5,49,0.23827968168161667
5,50,0.24271286408254553
6,1,0.30353500162367525
6,2,0.27420445526621
6,3,0.2419200092582355
6,4,0.25574333148123674
6,5,0.2700557850020032
6,6,0.27247710465442293
6,7,0.2826905899594873
6,8,0.2865644715175874
6,9,0.2908796140234645
6,10,0.28199183030221725
6,11,0.28770514739740227
6,12,0.2945094919425014
6,13,0.29125871602634107
6,14,0.29540642418632873
6,15,0.3019104936627863
6,16,0.30174040114283796
6,17,0.23912449628583723
6,18,0.24278167124277772
6,19,0.2459853450807311
6,20,0.24760007478696616
6,21,0.24948412257054103
6,22,0.2520408600765128
6,23,0.2543478036648907
6,24,0.24919723413519104
6,25,0.25192970230771516
6,26,0.25506942057882875
6,27,0.25886495706416546
6,28,0.2641031400393668
6,29,0.2332416259975932
6,30,0.23523611987967163
6,31,0.2376775054723575
6,32,0.23809289294502767
6,33,0.23738563539556115
6,34,0.23839059459067014
6,35,0.23992628550456543
6,36,0.23938817021258726
6,37,0.24374937923807832
6,38,0.24511073639995237
6,39,0.2458949578252636
6,40,0.24507759852665062
6,41,0.23261441985637174
6,42,0.23373040362129224
6,43,0.23412982994465664
6,44,0.2343340465177515
6,45,0.23597225987930562
6,46,0.2376939114027479
6,47,0.2389996661753626
6,48,0.2437226622640205
6,49,0.24377352906105196
6,50,0.24169162936745175
7,1,0.3087307523421294
7,2,0.2849485432848346
7,3,0.2911809948964016
7,4,0.2703715760526524
7,5,0.22014328085928664
7,6,0.23230403740005195
7,7,0.2307846268320978
7,8,0.23793749378771872
7,9,0.24880036050453036
7,10,0.25280485737036285
7,11,0.2474287988643417
7,12,0.2486190828649435
7,13,0.25325985133574425
7,14,0.25889405462819176
7,15,0.260697935677518
7,16,0.26326531578088913
7,17,0.24761789740641657
7,18,0.24633106157909773
7,19,0.24722668938169623
7,20,0.2505560862461457
7,21,0.252605046983971
7,22,0.2542008864665339
7,23,0.2562264317752684
7,24,0.2568856176795863
7,25,0.26092658210158565
7,26,0.26399413919190456
7,27,0.2666088629368469
7,28,0.24224409703285146
7,29,0.246757670053209
7,30,0.24113397606823067
7,31,0.24251425361384
7,32,0.2278262605666321
7,33,0.22996443446484469
7,34,0.23375770919524755
7,35,0.2348770515425778
7,36,0.234856553527475
7,37,0.23732906374293197
7,38,0.23691324037565586
7,39,0.2371614401297557
7,40,0.2388211487092287
7,41,0.2407313184143743
7,42,0.24273358709475237
7,43,0.24451074675134268
7,44,0.24966322443546005
7,45,0.25076842096146207
7,46,0.2387596198845527
7,47,0.24036411678419384
7,48,0.24314486126172188
7,49,0.2452818781326175
7,50,0.24550573351790722
8,1,0.3183495282198503
8,2,0.2846093694700093
8,3,0.26101831419381716
8,4,0.2812234931667925
8,5,0.23180843016058447
8,6,0.2350520165312564
8,7,0.24080829197027964
8,8,0.24216402261219633
8,9,0.2381817583731257
8,10,0.24324865691708214
8,11,0.2533286047948073
8,12,0.2549083245578842
8,13,0.2539402055129891
8,14,0.25826232752920575
8,15,0.26072014758887907
8,16,0.26240365753664047
8,17,0.2503888305224275
8,18,0.25102813580447403
8,19,0.25322719070186384
8,20,0.25448897261453857
8,21,0.2554193162401766
8,22,0.258289254787663
8,23,0.25931828008207436
8,24,0.26567633282871655
8,25,0.26984204653951166
8,26,0.2381653741910144
8,27,0.22553116621099467
8,28,0.2285520421106115
8,29,0.2298320203543977
8,30,0.23080266874427774
8,31,0.23194420677615368
8,32,0.23290268984191498
8,33,0.23720283301931272
8,34,0.2366522417706383
8,35,0.23844219010087478
8,36,0.2391603607059628
8,37,0.24067264190194226
8,38,0.24217576878059585
8,39,0.24469412315812
8,40,0.2329764621239351
8,41,0.2345072464007354
8,42,0.23646480269250664
8,43,0.24095398506782323
8,44,0.23807018436870941
8,45,0.23806271615928057
8,46,0.23937650593216578
8,47,0.24095607984908207
8,48,0.2448160658968965
8,49,0.24664817699570113
8,50,0.24445856205968067
9,1,0.33003136273409805
9,2,0.3084969507281232
9,3,0.27546086314166357
9,4,0.29118852560848363
9,5,0.21379979332870439
9,6,0.23446525611193642
9,7,0.24567760807987687
9,8,0.25282291956224906
9,9,0.24944449613022837
9,10,0.253263823950321
9,11,0.2545987647959279
9,12,0.2609088894679976
9,13,0.26117664730080403
9,14,0.2621734023401827
9,15,0.2653925879089833
9,16,0.24924833228461696
9,17,0.2533619376728613
9,18,0.25465819314999916
9,19,0.2582829900049926
9,20,0.2598487044185927
9,21,0.2611770395607215
9,22,0.2619404356668205
9,23,0.2649989807253176
9,24,0.2696365670065876
9,25,0.27217812239183553
9,26,0.26615899339326976
9,27,0.27109045899770073
9,28,0.2731230156059301
9,29,0.27347265098581813
9,30,0.24883835895850312
9,31,0.24054774360622985
9,32,0.2262777345708036
9,33,0.22774707773719027
9,34,0.22814671050288218
9,35,0.2352583032529983
9,36,0.23813491539947204
9,37,0.23846027105358977
9,38,0.24045970896024715
9,39,0.2424838031288601
9,40,0.22883308529255744
9,41,0.23306308607548418
9,42,0.23581530195498301
9,43,0.23360739788777227
9,44,0.23634592582275363
9,45,0.23847608011045504
9,46,0.23928115059349553
9,47,0.24061875097215846
9,48,0.24274488670931688
9,49,0.24288231256007317
9,50,0.2355965740340702
10,1,0.3333288043786202
10,2,0.31199682281749236
10,3,0.2803550315142926
10,4,0.21905192659918996
10,5,0.21635312489188918
10,6,0.23703624513098284
10,7,0.24877203452246777
10,8,0.2551041641499439
10,9,0.25095722060106546
10,10,0.2530637849730398
10,11,0.25792279535861345
10,12,0.25983041368124815
10,13,0.26014912486814074
10,14,0.26367983924684524
10,15,0.26447136971522417
10,16,0.2510895253499016
10,17,0.2524440176186942
10,18,0.2552091452404319
10,19,0.25910458927789276
10,20,0.2601894699653342
10,21,0.2600448200974992
10,22,0.2652792423608825
10,23,0.2684268148918244
10,24,0.26978474732897095
10,25,0.273761792662132
10,26,0.2684285336579634
10,27,0.27126524982665295
10,28,0.24636014452894428
10,29,0.2475170513358582
10,30,0.23873616415478663
10,31,0.24152329541292067
10,32,0.22631910994700016
10,33,0.23164707997981554
10,34,0.23448974406358503
10,35,0.23624233912686515
10,36,0.23781845026116208
10,37,0.23897220139037495
10,38,0.24070364547564363
10,39,0.23030339861537122
10,40,0.2328635400023867
10,41,0.2321643397626684
10,42,0.234834512951309
10,43,0.236059176243467
10,44,0.2369126069770501
10,45,0.23797958570124067
10,46,0.24025590266829486
10,47,0.24063011138114787
10,48,0.241345333253983
10,49,0.24230837406746894
10,50,0.23271666179718517
11,1,0.29739722990782824
11,2,0.27250936282113103
11,3,0.2890459187729225
11,4,0.29548020458760876
11,5,0.24399577076076126
11,6,0.2494077089711754
11,7,0.2595587450518656
11,8,0.24303715748544824
11,9,0.2409939970460888
11,10,0.2493458604016878
11,11,0.24934444530063105
11,12,0.25261312582365086
11,13,0.25398510109692485
11,14,0.254106006202733
11,15,0.2562916994994913
11,16,0.260869118791229
11,17,0.26691182917620354
11,18,0.26989724922923836
11,19,0.26725961452569313
11,20,0.26155581124091337
11,21,0.24328889801588302
11,22,0.24550826832474085
11,23,0.24677255906405382
11,24,0.2364154907847845
11,25,0.24278489941392511
11,26,0.2443914502414725
11,27,0.2461096599567349
11,28,0.24467204679319834
11,29,0.24582965685952224
11,30,0.2477020851603126
11,31,0.2495691331413697
11,32,0.25078314906992205
11,33,0.2520416913853486
11,34,0.25373290734013887
11,35,0.25414833828488725
11,36,0.2545578028426858
11,37,0.22617490305452156
11,38,0.2249428580048968
11,39,0.22381956846661683
11,40,0.22492603330893424
11,41,0.22565476594903366
11,42,0.2172651785767693
11,43,0.2187263359336463
11,44,0.2211245969266691
11,45,0.22194044525380935
11,46,0.2274216114041279
11,47,0.22857269490555038
11,48,0.23059546103136697
11,49,0.23484178711417344
11,50,0.235479766065537
12,1,0.3277751975465724
12,2,0.3093007705526814
12,3,0.28623401277713134
12,4,0.2999517447976817
12,5,0.23558618688271998
12,6,0.23756936013293073
12,7,0.24317530461377904
12,8,0.24933492183656517
12,9,0.2566265127271755
12,10,0.25956377316056345
12,11,0.2647092680319037
12,12,0.26108324765090296
12,13,0.2617271126380532
12,14,0.2678339193889904
12,15,0.2681844206867477
12,16,0.2710686817315971
12,17,0.2743391449331132
12,18,0.2602921856981882
12,19,0.2605334041945841
12,20,0.2632345063481865
12,21,0.2652208692447998
12,22,0.2655302044794722
12,23,0.26856936781006774
12,24,0.27080520284993936
12,25,0.26716448216016747
12,26,0.2510245026133262
12,27,0.24189913774927654
12,28,0.245779052867165
12,29,0.24923863225986403
12,30,0.2506006862926049
12,31,0.25303517795000224
12,32,0.22811875175931198
12,33,0.2287582270926133
12,34,0.2297335649378086
12,35,0.2320930197074967
12,36,0.2335464387270034
12,37,0.2196371449842824
12,38,0.22598549480500613
12,39,0.2283231994320306
12,40,0.2283187288030656
12,41,0.228407512391913
12,42,0.22061970771419281
12,43,0.22281438046513702
12,44,0.2228496771818869
12,45,0.22611472332257443
12,46,0.22900682075493825
12,47,0.2266642243852566
12,48,0.2260198684530426
12,49,0.22910167774513493
12,50,0.2301086606996959
13,1,0.32838453954409585
13,2,0.31564871655555227
13,3,0.2976839395347107
13,4,0.22362569151720782
13,5,0.22153810989432993
13,6,0.23962762296426027
13,7,0.24756901238090032
13,8,0.25174858437953795
13,9,0.24839297955057332
13,10,0.25647912851904453
13,11,0.25467255714866843
13,12,0.2525909105322894
13,13,0.2557560678773566
13,14,0.25873320663640376
13,15,0.2599671957877631
13,16,0.2642781487624099
13,17,0.25175222569987743
13,18,0.2532095743603949
13,19,0.25369615414581936
13,20,0.2563773902187536
13,21,0.2583305745499576
13,22,0.2604142075879783
13,23,0.26398828769487165
13,24,0.24476915048912443
13,25,0.23103739641181037
13,26,0.2339527725242871
13,27,0.2361915954297783
13,28,0.21925580219615184
13,29,0.2216978607317182
13,30,0.22117755492682986
13,31,0.22429932709816447
13,32,0.22650957584384318
13,33,0.2258256278997791
13,34,0.22840620096760503
13,35,0.23006150142050097
13,36,0.23168721168912482
13,37,0.22024705266607544
13,38,0.21234320260754308
13,39,0.2137114455653203
13,40,0.21493453083645286
13,41,0.21542745970212626
13,42,0.21702430814112467
13,43,0.2201896030738563
13,44,0.22157891219067075
13,45,0.2248902112504781
13,46,0.2262692066780246
13,47,0.22411276346839534
13,48,0.2249235626432755
13,49,0.2256789278656311
13,50,0.22688302976584057
14,1,0.32763622483236554
14,2,0.27931900276469146
14,3,0.26942574369446276
14,4,0.2846840941433177
14,5,0.27854549059245504
14,6,0.29189964972809906
14,7,0.29380357236153437
14,8,0.2883068067302779
14,9,0.29457857595021936
14,10,0.2991817761369678
14,11,0.2511689509102639
14,12,0.2501149410306189
14,13,0.25425627399534123
14,14,0.25809084248317965
14,15,0.26031260058135297
14,16,0.2613104859114089
14,17,0.26434920177300575
14,18,0.2692057203555862
14,19,0.2691429467837581
14,20,0.24481636984037175
14,21,0.22821621300284498
14,22,0.23290939707052355
14,23,0.2299859606487847
14,24,0.23206813508024476
14,25,0.23607838696535038
14,26,0.23718902259527794
14,27,0.224570482220641
14,28,0.22453328018474816
14,29,0.22569299112575295
14,30,0.22707141511184498
14,31,0.2269558909715919
14,32,0.229624709935182
14,33,0.23231311711446337
14,34,0.23650230367200392
14,35,0.2371111158743981
14,36,0.22363676295386792
14,37,0.22538283918023558
14,38,0.22829467436903228
14,39,0.2316337252829406
14,40,0.23125946201194303
14,41,0.23188117060881283
14,42,0.23276114921531926
14,43,0.23374555329572927
14,44,0.22816413673457567
14,45,0.2258401947778193
14,46,0.22138061607183163
14,47,0.22195299913657285
14,48,0.22092127256002136
14,49,0.22007262726660778
14,50,0.21958036874950465
15,1,0.31210069705212656
15,2,0.3063449666424016
15,3,0.2232980013430893
15,4,0.22556368171328925
15,5,0.2409418595906172
15,6,0.24730530197648276
15,7,0.25091891437088987
15,8,0.2579850625191764
15,9,0.24989931091562306
15,10,0.25618781652149114
15,11,0.2583839250543613
15,12,0.26255276945462275
15,13,0.2645760010639219
15,14,0.26658507595431535
15,15,0.2528900876506868
15,16,0.2577941985441689
15,17,0.2523528555292666
15,18,0.25744001524113463
15,19,0.2589629000261015
15,20,0.23990148532898312
15,21,0.2402294842543061
15,22,0.24324934980471877
15,23,0.22908463708619986
15,24,0.22924884395871234
15,25,0.23125835503190506
15,26,0.23078486804480006
15,27,0.23407043024890198
15,28,0.22543893599056508
15,29,0.22492455419505736
15,30,0.2106772355195968
15,31,0.2119532842364026
15,32,0.21319944252632006
15,33,0.21597222922041592
15,34,0.21982086276469187
15,35,0.21624290605249755
15,36,0.2171309055341159
15,37,0.22167705603493748
15,38,0.2234080961828017
15,39,0.22501695481059117
15,40,0.22856296132496245
15,41,0.22869963522981054
15,42,0.22936233142489007
15,43,0.22899265233154137
15,44,0.23113808797916502
15,45,0.2325500768554925
15,46,0.2266994676215808
15,47,0.22774068255728333
15,48,0.2299698587052777
15,49,0.2205689986620504
15,50,0.220406208271553
16,1,0.30996179880664076
16,2,0.29138046631810127
16,3,0.3097557393121339
16,4,0.2527554886812471
16,5,0.2565270509157429
16,6,0.26021216070953856
16,7,0.25608818891490615
16,8,0.24801265963474745
16,9,0.2520081348176612
16,10,0.2537458350873822
16,11,0.25749093146278873
16,12,0.26171185037051437
16,13,0.26615417771700817
16,14,0.2642396857980127
16,15,0.26670476057618037
16,16,0.2693333109612121
16,17,0.2664883205393234
16,18,0.26962578493523726
16,19,0.2715878917969266
16,20,0.2605335063668261
16,21,0.26345811826097276
16,22,0.26477078523101627
16,23,0.25425415988227046
16,24,0.2574919933842491
16,25,0.2591873637185485
16,26,0.25264505092775646
16,27,0.23590978269773516
16,28,0.2363517225733627
16,29,0.2371657452282654
16,30,0.2301360107070938
16,31,0.20651896056365038
16,32,0.207916054037516
16,33,0.2089370631704871
16,34,0.21140293564787857
16,35,0.21304607231244693
16,36,0.2145456270098101
16,37,0.21563510421775986
16,38,0.22083123363341242
16,39,0.22143679463660476
16,40,0.22252409503252837
16,41,0.2240791432730103
16,42,0.22486735013189638
16,43,0.22513349972028335
16,44,0.22545746430460992
16,45,0.22591507590758955
16,46,0.21978480366509964
16,47,0.22242899311251157
16,48,0.2242737167074856
16,49,0.22467596104042914
16,50,0.22657930688935504
17,1,0.3225321066964469
17,2,0.29641358591038663
17,3,0.24303663845240267
17,4,0.25607586599723275
17,5,0.2556157442227444
17,6,0.2625509649263496
17,7,0.26439940515570587
17,8,0.26144967692190774
17,9,0.2628144349442898
17,10,0.2675889090589992
17,11,0.257812307255677
17,12,0.2567558056173482
17,13,0.2630317145055913
17,14,0.26467856001657664
17,15,0.2678518315212455
17,16,0.26561551208438355
17,17,0.26235822461326636
17,18,0.2619346520083063
17,19,0.2652823154615404
17,20,0.2674791131912364
17,21,0.2559751300088027
17,22,0.2569520524144725
17,23,0.25999075745329475
17,24,0.26063474569084116
17,25,0.2465273355845546
17,26,0.2110340746352904
17,27,0.21296129348601014
17,28,0.21184690132109124
17,29,0.2128166383581795
17,30,0.2155849600555938
17,31,0.2225057247559092
17,32,0.21469229478276258
17,33,0.21609628797230726
17,34,0.21881653948387733
17,35,0.22073243102828066
17,36,0.22349401842553346
17,37,0.22532614535943576
17,38,0.22740665829963164
17,39,0.22667806265073417
17,40,0.22569285594875235
17,41,0.22849473141893994
17,42,0.22723900318854126
17,43,0.22782548201423167
17,44,0.22942846538119535
17,45,0.22866443109001958
17,46,0.22453900399049942
17,47,0.2251298149969848
17,48,0.22631597451183413
17,49,0.22363984682403548
17,50,0.21855563144623044
18,1,0.3078833420113895
18,2,0.23258536047985867
18,3,0.23073283001111033
18,4,0.23402204294418394
18,5,0.24314670555335388
18,6,0.24683358165431873
18,7,0.25277696469499084
18,8,0.24179175714632756
18,9,0.24866542523043314
18,10,0.2538532564502318
18,11,0.2571101967662757
18,12,0.2601050549027707
18,13,0.2665955953791773
18,14,0.2652350165658227
18,15,0.26933254358474307
18,16,0.27144954533927074
18,17,0.26588572685112605
18,18,0.2541002139285792
18,19,0.25628144309918405
18,20,0.26096072864461883
18,21,0.2656434927900305
18,22,0.24300127230201132
18,23,0.24518569388091221
18,24,0.24619481324492792
18,25,0.21772961152145917
18,26,0.21015809362569957
18,27,0.21121248577377513
18,28,0.20239516672878485
18,29,0.1999669503407043
18,30,0.20208257455599843
18,31,0.20277902493380734
18,32,0.204386414922263
18,33,0.2029121708831617
18,34,0.2038110661317148
18,35,0.20771476231816952
18,36,0.2083897357065853
18,37,0.2104772986377777
18,38,0.2162592835321173
18,39,0.21674624109918805
18,40,0.22074011488227982
18,41,0.2224158990501416
18,42,0.22071693288745795
18,43,0.22144633792002177
18,44,0.2234723504298125
18,45,0.2243952397020608
18,46,0.22547653592979985
18,47,0.2249830562965688
18,48,0.21935584561560356
18,49,0.21964553679486773
18,50,0.21924221271194497
19,1,0.30869507309596456
19,2,0.31349298555482397
19,3,0.24121550026125746
19,4,0.244481551420873
19,5,0.2538541880020206
19,6,0.24820569928831887
19,7,0.25680387344321226
19,8,0.26486458262439083
19,9,0.2633014457970591
19,10,0.26536223830336797
19,11,0.2702712756165617
19,12,0.27440535515260495
19,13,0.27474838437585136
19,14,0.257070331074069
19,15,0.26115475297192686
19,16,0.2634593274244271
19,17,0.26500801576731886
19,18,0.26533152778457864
19,19,0.2330395146706933
19,20,0.23626326400818484
19,21,0.23765785229736905
19,22,0.2087571654914744
19,23,0.21279752479662772
19,24,0.21317358709026066
19,25,0.21676520289436985
19,26,0.21845713979031564
19,27,0.21972123158597176
19,28,0.21876994441660041
19,29,0.21949370392565135
19,30,0.22010743040640593
19,31,0.2181723353072876
19,32,0.20813606528453008
19,33,0.21041592181739016
19,34,0.21275409279718469
19,35,0.21271617787395278
19,36,0.21242973907082188
19,37,0.21708557533748096
19,38,0.2187335452535441
19,39,0.2218603947547413
19,40,0.22257610210409895
19,41,0.22291771514327582
19,42,0.22698885504425165
19,43,0.2291076523873128
19,44,0.23008416034165532
19,45,0.22859048427645925
19,46,0.22439163541547658
19,47,0.2226498159822083
19,48,0.21659143305852754
19,49,0.2161705315119138
19,50,0.21520015790544753
20,1,0.318750343280134
20,2,0.28809081963867045
20,3,0.2949488171691344
20,4,0.29039436186788664
20,5,0.2918847470333011
20,6,0.2962407197412701
20,7,0.2944193234967877
20,8,0.2967808677738588
20,9,0.2550922365104225
20,10,0.2590208109435949
20,11,0.26116092610975233
20,12,0.2609041946468731
20,13,0.2636501125950685
20,14,0.26371940891018314
20,15,0.2706053346454938
20,16,0.26678089180358117
20,17,0.27125739136073157
20,18,0.2732456105395522
20,19,0.24827008776668408
20,20,0.23384669972210279
20,21,0.21841117825558873
20,22,0.21957324825502916
20,23,0.21249561438260703
20,24,0.2150857735362426
20,25,0.21573201644250878
20,26,0.21648531244093255
20,27,0.21715445612175266
20,28,0.2185924173448511
20,29,0.21958811490475222
20,30,0.21992835825478926
20,31,0.2190813218201478
20,32,0.21759154056103225
20,33,0.21829796691838735
20,34,0.22298077455615276
20,35,0.22401434572733117
20,36,0.22224240475714852
20,37,0.2158635188257831
20,38,0.21953334509035427
20,39,0.2230271299159381
20,40,0.2248935004988197
20,41,0.226009814503605
20,42,0.22623072667616323
20,43,0.22747450501517702
20,44,0.2287052673066743
20,45,0.22398262928766782
20,46,0.21690877736403166
20,47,0.21567850674856698
20,48,0.21489092548507469
20,49,0.21622976233560645
20,50,0.2162883975611183
21,1,0.32449421254808253
21,2,0.23663816043059369
21,3,0.24223014989910954
21,4,0.25068370030029524
21,5,0.24747303648898986
21,6,0.24838957650385174
21,7,0.25520809395946287
21,8,0.26061214821649253
21,9,0.26501853598816466
21,10,0.26131529581203816
21,11,0.2676991105662821
21,12,0.26757377403914834
21,13,0.23688296172177473
21,14,0.23822327101046042
21,15,0.24083058667879875
21,16,0.24557722210755337
21,17,0.22906576556061822
21,18,0.21634963352026154
21,19,0.21839629187192605
21,20,0.21948560956727522
21,21,0.22087714269406508
21,22,0.21236980975101005
21,23,0.2165505929080128
21,24,0.22033376058393384
21,25,0.2220637945083497
21,26,0.21041586282143898
21,27,0.2130140587338074
21,28,0.21484425716517733
21,29,0.21747089444923112
21,30,0.2126269595705709
21,31,0.2168831683780989
21,32,0.21836136410515058
21,33,0.2230515192444869
21,34,0.21816372786000546
21,35,0.21829246818104908
21,36,0.2186880689776047
21,37,0.22243648671585642
21,38,0.22258038195893498
21,39,0.21682494276210806
21,40,0.217855049716418
21,41,0.21906516517299546
21,42,0.21861254154738852
21,43,0.2198153778641994
21,44,0.21619887980583521
21,45,0.21563476969222622
21,46,0.21456930498811583
21,47,0.21507180356635416
21,48,0.20741315271887073
21,49,0.20985627280515826
21,50,0.21078348400163777
22,1,0.3275373396605047
22,2,0.30903494769265627
22,3,0.3033101142647193
22,4,0.3092230050534306
22,5,0.29612200176786013
22,6,0.2973080779479117
22,7,0.3021160757046636
22,8,0.2992390851914449
22,9,0.25098189901631934
22,10,0.2567113965982608
22,11,0.2586877709844607
22,12,0.2593534473407839
22,13,0.261827255306266
22,14,0.2430996648189517
22,15,0.24723530420962056
22,16,0.23308444323547095
22,17,0.2312483802893873
22,18,0.23335610043405644
22,19,0.23508849506313184
22,20,0.2373279927802018
22,21,0.2327554080078768
22,22,0.2373411349148492
22,23,0.2390525372911192
22,24,0.24236427295494473
22,25,0.24530975956642184
22,26,0.24686791506314146
22,27,0.24767793175509284
22,28,0.2161173089694198
22,29,0.21752543135264082
22,30,0.2190503351097571
22,31,0.2191982529260494
22,32,0.21554998958919663
22,33,0.21396333099229167
22,34,0.21909811882681715
22,35,0.2196468808339261
22,36,0.21761789431872183
22,37,0.21714810242672963
22,38,0.22080280166075833
22,39,0.22152655466181917
22,40,0.21951595687653208
22,41,0.21985812081513456
22,42,0.2220866078730694
22,43,0.22137651225390229
22,44,0.22101658200418753
22,45,0.22037172440129865
22,46,0.2205523896841471
22,47,0.22106400245842642
22,48,0.22218536663026517
22,49,0.2236803392878626
22,50,0.22305478269275297
23,1,0.3238730898795643
23,2,0.29730294983515565
23,3,0.24646768738040967
23,4,0.25666389197949263
23,5,0.2632601054342626
23,6,0.26858087092819166
23,7,0.2708555914671408
23,8,0.2733608789036358
23,9,0.2766949170814664
23,10,0.2801921072099123
23,11,0.279655324150517
23,12,0.283649208249406
23,13,0.27401314663729753
23,14,0.25916088514832114
23,15,0.26344085197803696
23,16,0.2670977095873308
23,17,0.2622262647764188
23,18,0.25768361934539175
23,19,0.2568440676359161
23,20,0.24870376609811448
23,21,0.23789803674174853
23,22,0.21436922249377685
23,23,0.216383112562163
23,24,0.21767932045582197
23,25,0.21766173763715357
23,26,0.2125320990191004
23,27,0.21470469703616316
23,28,0.2139150115851972
23,29,0.21659720076625846
23,30,0.2168475493266319
23,31,0.2181518209357139
23,32,0.22138149212729255
23,33,0.22537305014774828
23,34,0.2266533442841005
23,35,0.22676300231585553
23,36,0.22890237704784086
23,37,0.23312207153340772
23,38,0.2324452257040107
23,39,0.23336295351405992
23,40,0.2325445357049365
23,41,0.2352042608351966
23,42,0.22972352513300717
23,43,0.230162009283832
23,44,0.22515694162050656
23,45,0.2253020056660996
23,46,0.22171629150779779
23,47,0.22230499382545454
23,48,0.22358669639916856
23,49,0.22340621356590087
23,50,0.2198945521794339
24,1,0.3177331536321284
24,2,0.3281608932529138
24,3,0.25418863897523736
24,4,0.254708330556502
24,5,0.25155093326277334
24,6,0.2631384417823671
24,7,0.264410682355947
24,8,0.2731439717231276
24,9,0.27509321247824053
24,10,0.2786334639438809
24,11,0.28296639931204665
24,12,0.27825245410195437
24,13,0.26750313990656305
24,14,0.24778154718439774
24,15,0.24979303482703494
24,16,0.2384742710024772
24,17,0.23768783166653404
24,18,0.23596325842483623
24,19,0.23937427286435098
24,20,0.2430638117851267
24,21,0.20629882558111104
24,22,0.20970598056043174
24,23,0.21043130237084787
24,24,0.21254729181039392
24,25,0.212855384529394
24,26,0.21329363104777624
24,27,0.21391924620874947
24,28,0.21614909312930403
24,29,0.21590950120461674
24,30,0.21556279501814132
24,31,0.2164954446310707
24,32,0.21567098224216918
24,33,0.21826963443202485
24,34,0.21976732661021992
24,35,0.21841417822976042
24,36,0.21764670822373464
24,37,0.2179844515143377
24,38,0.22003947330543353
24,39,0.22127948304394426
24,40,0.21969739881982214
24,41,0.2215657165607222
24,42,0.22358790097251766
24,43,0.22442885448299046
24,44,0.2246269487190451
24,45,0.22577214823236716
24,46,0.22479639038675067
24,47,0.21671123271148499
24,48,0.21756063116545699
24,49,0.2185438181804156
24,50,0.2173189982831805
25,1,0.33283638907616275
25,2,0.2354486224682996
25,3,0.24194152947647457
25,4,0.24975202651332826
25,5,0.2563934670680737
25,6,0.26126414155566346
25,7,0.2696650130812325
25,8,0.2709373548963385
25,9,0.2737896449497354
25,10,0.27508667604834397
25,11,0.27550996628219404
25,12,0.2761262758303139
25,13,0.2804230024927044
25,14,0.2634879959341086
25,15,0.25010736057621813
25,16,0.2520011631075356
25,17,0.2472940236935918
25,18,0.2462984439295355
25,19,0.23966919862477765
25,20,0.22135280524885986
25,21,0.22381887605770737
25,22,0.22713561483077807
25,23,0.22933410998831597
25,24,0.2308638524377182
25,25,0.23113588859664835
25,26,0.21458442814277515
25,27,0.21488475137177626
25,28,0.20685939626895716
25,29,0.20857909899592125
25,30,0.2100355686141209
25,31,0.21008311151227407
25,32,0.21030083683277026
25,33,0.21392445437078206
25,34,0.2146588165436482
25,35,0.2124080188825264
25,36,0.21590610620070708
25,37,0.21550324910325996
25,38,0.21744342409267425
25,39,0.2205482293696938
25,40,0.22098822447187877
25,41,0.22037234880344328
25,42,0.22151620556027748
25,43,0.22360552198593164
25,44,0.22459162894006254
25,45,0.2179221488720841
25,46,0.21717958808780377
25,47,0.21580375501540333
25,48,0.21628553237701983
25,49,0.2139385756038868
25,50,0.21270301454783294
26,1,0.33659515632890974
26,2,0.22118697574176785
26,3,0.21655289207502607
26,4,0.23297704192713165
26,5,0.24040591948893322
26,6,0.24573803185351825
26,7,0.24494706991863646
26,8,0.24955620818231133
26,9,0.2551179582553324
26,10,0.26310581579532544
26,11,0.24257143432737116
26,12,0.2471449900338514
26,13,0.24604699036174574
26,14,0.2436967898580195
26,15,0.24802902697924684
26,16,0.2503627908230043
26,17,0.21774898766210912
26,18,0.22254965860830767
26,19,0.22613566257329545
26,20,0.22596103140961896
26,21,0.22044662466380596
26,22,0.22066466273942306
26,23,0.22432179472078623
26,24,0.22421977344256333
26,25,0.2266866365756786
26,26,0.2280377933914035
26,27,0.22443016029301754
26,28,0.22464532158701786
26,29,0.2245413385950691
26,30,0.22860055833051074
26,31,0.22981361294527985
26,32,0.2300337189102164
26,33,0.23077042699735584
26,34,0.22341850915664116
26,35,0.22551696332795845
26,36,0.22597405229777415
26,37,0.21589932689947228
26,38,0.21784488383826178
26,39,0.21381020812903984
26,40,0.21319934561610973
26,41,0.21627736845718998
26,42,0.21514106006984235
26,43,0.21365884117008552
26,44,0.21151261013334927
26,45,0.21376797368421938
26,46,0.21370720149280817
26,47,0.21365046739571836
26,48,0.21377406757393852
26,49,0.21430418553653513
26,50,0.21577907851590858
27,1,0.31568818571204743
27,2,0.32762150006945523
27,3,0.2393520280939776
27,4,0.2364940330291931
27,5,0.24871049979724527
27,6,0.2579003913711545
27,7,0.26360628686035215
27,8,0.2664220528657582
27,9,0.2678769038752777
27,10,0.27300895381563106
27,11,0.2744870036395787
27,12,0.2723620897873513
27,13,0.2570659681472355
27,14,0.2616983031849165
27,15,0.23616452838634724
27,16,0.210626901615948
27,17,0.20836359059080517
27,18,0.2108630728523159
27,19,0.21358472155731006
27,20,0.21280313696145506
27,21,0.21227322613824168
27,22,0.21188307626164135
27,23,0.2166944744227506
27,24,0.2161526068848291
27,25,0.20907423122326693
27,26,0.21217915394189635
27,27,0.21546922065244384
27,28,0.2163545918697301
27,29,0.2161890494937518
27,30,0.2164741252647418
27,31,0.21246127798416028
27,32,0.21068882137182815
27,33,0.21211062602938457
27,34,0.21001464860565772
27,35,0.2122283099137843
27,36,0.21028766269904448
27,37,0.20816411949831665
27,38,0.21210519041643883
27,39,0.2095400624455701
27,40,0.21181370146246623
27,41,0.20549895510744193
27,42,0.20633896048451483
27,43,0.2070228419650724
27,44,0.20658391915356455
27,45,0.2044275541595746
27,46,0.20401827789640872
27,47,0.20337680972079636
27,48,0.20323269598136795
27,49,0.20385615819247876
27,50,0.20022419586174842
28,1,0.3156018245764226
28,2,0.23687735513368643
28,3,0.24680822474991812
28,4,0.2592256976519833
28,5,0.2642896980562525
28,6,0.26769300322862477
28,7,0.26873083146369947
28,8,0.25151100676969057
28,9,0.25111637258851
28,10,0.2411711575304025
28,11,0.24394238690514114
28,12,0.24531769253514815
28,13,0.2442153646488454
28,14,0.24050755195996623
28,15,0.24403526161681713
28,16,0.2378675094565209
28,17,0.242435238235511
28,18,0.22240215817024753
28,19,0.22624463567131164
28,20,0.2095817530150157
28,21,0.2003325703843215
28,22,0.20351226070937015
28,23,0.20612968641268095
28,24,0.20691544742450918
28,25,0.20691862299069982
28,26,0.20776237471526432
28,27,0.2071537750427976
28,28,0.20821510066169965
28,29,0.21143905951756728
28,30,0.20976780895516872
28,31,0.21181907341446443
28,32,0.21826325530872617
28,33,0.21696618390248476
28,34,0.2165485752499606
28,35,0.21536409130124712
28,36,0.21228958251951938
28,37,0.21595843422202354
28,38,0.21838367820381382
28,39,0.21707654809619165
28,40,0.21806818232850173
28,41,0.21688913783256117
28,42,0.21776581575255163
28,43,0.21317329200781965
28,44,0.2079407233207843
28,45,0.2071801819103143
28,46,0.2064595776899839
28,47,0.20754785222140046
28,48,0.20825677103089935
28,49,0.210189744668996
28,50,0.20948644879686334
29,1,0.32045192423195934
29,2,0.3314716663323865
29,3,0.2431234881954614
29,4,0.24415231346887206
29,5,0.2530125818822562
29,6,0.25601792900688014
29,7,0.2613191253328541
29,8,0.2661130601137729
29,9,0.2716865579748734
29,10,0.2735893861345708
29,11,0.2769809168984338
29,12,0.22738576164910987
29,13,0.22263373888911822
29,14,0.21018265124048133
29,15,0.19973606059789142
29,16,0.19831418109765106
29,17,0.20017813654218186
29,18,0.20301892062193413
29,19,0.20093828431225091
29,20,0.20196909737672109
29,21,0.2048643146039572
29,22,0.20689486551753458
29,23,0.20862619570566432
29,24,0.20660855012301885
29,25,0.2088489573895795
29,26,0.20243859935425612
29,27,0.20147335946320066
29,28,0.20277318290705457
29,29,0.2010266130201018
29,30,0.20249557796126327
29,31,0.20046075603270683
29,32,0.20627045041576103
29,33,0.20352510661378365
29,34,0.2021956377291063
29,35,0.20337320045062993
29,36,0.2049657697449095
29,37,0.2056859230482981
29,38,0.20747741874009418
29,39,0.20773753958801702
29,40,0.1995668448132728
29,41,0.19874621538692397
29,42,0.20351494200987233
29,43,0.20231871714288677
29,44,0.20145549515960856
29,45,0.2020085216059271
29,46,0.19684363870994367
29,47,0.1978635949520194
29,48,0.2005340046118674
29,49,0.20070007607467394
29,50,0.19970648047361156
30,1,0.31786882420562523
30,2,0.2423521629790458
30,3,0.24304137309828597
30,4,0.24826688843865857
30,5,0.2549213695030743
30,6,0.2582396224271443
30,7,0.2673285300133935
30,8,0.2646909618980747
30,9,0.26156761486143115
30,10,0.26654886470972516
30,11,0.2188185616005415
30,12,0.22198894578223932
30,13,0.21704760356381533
30,14,0.20631364187178616
30,15,0.21146788811410164
30,16,0.2052061521146249
30,17,0.2083582864501624
30,18,0.21197693959568345
30,19,0.20413651855971482
30,20,0.2077653314041963
30,21,0.20778484135238282
30,22,0.20948370937828178
30,23,0.21158749252070774
30,24,0.20843322971160078
30,25,0.20716599062042906
30,26,0.2086412154829857
30,27,0.2097275993190842
30,28,0.21069105062270127
30,29,0.21208412031884163
30,30,0.21412004208546617
30,31,0.2154919925325319
30,32,0.21564270030383967
30,33,0.21113062977731237
30,34,0.21083132291183623
30,35,0.2103396687570737
30,36,0.21233980245111764
30,37,0.21136356924398716
30,38,0.21336035996438596
30,39,0.20367449285489278
30,40,0.20706274731933916
30,41,0.20291549146017474
30,42,0.20381152576313075
30,43,0.20152175073659256
30,44,0.20092244791885058
30,45,0.20599064562450067
30,46,0.20547644156662015
30,47,0.2038206040021252
30,48,0.20432871700382083
30,49,0.20412548801200409
30,50,0.20572385324104786
31,1,0.32038971412767736
31,2,0.340710136155818
31,3,0.24098392251994627
31,4,0.2517175242479587
31,5,0.25896302785595565
31,6,0.2612928061691023
31,7,0.26578157672608393
31,8,0.264112011253081
31,9,0.26647446841958217
31,10,0.26764743856316514
31,11,0.25594022402744165
31,12,0.2599813795668475
31,13,0.2309240905495514
31,14,0.2155923956840017
31,15,0.1976426168933783
31,16,0.19695967652663413
31,17,0.1989798004492756
31,18,0.20267801040494063
31,19,0.2057696944486816
31,20,0.2003942162379249
31,21,0.20281673619777696
31,22,0.20684445999778572
31,23,0.2097878332964057
31,24,0.21332672639381672
31,25,0.21378669197292177
31,26,0.2142586187149817
31,27,0.2146105583439768
31,28,0.2173686099805012
31,29,0.21237775404887999
31,30,0.21379688588565424
31,31,0.21525419632602277
31,32,0.2169990101453996
31,33,0.21274262097457622
31,34,0.21431792661277826
31,35,0.21054448166643497
31,36,0.21077703540880033
31,37,0.21281372238780102
31,38,0.21379824559651966
31,39,0.21246300725824394
31,40,0.20699435753236722
31,41,0.20526702324929205
31,42,0.20125400196938242
31,43,0.20169223357121802
31,44,0.20150976002316348
31,45,0.20197736944508543
31,46,0.19813387837014668
31,47,0.19804903103172938
31,48,0.19894969719923639
31,49,0.19977011304055858
31,50,0.20261528404890272
32,1,0.32344207436228656
32,2,0.33916365856233394
32,3,0.2446877486966491
32,4,0.25235656143597573
32,5,0.25910853930674405
32,6,0.25970909872225667
32,7,0.26440377345427535
32,8,0.2669048850512602
32,9,0.26873691410559464
32,10,0.26847892477394725
32,11,0.2581383149086765
32,12,0.26049179328268784
32,13,0.22316311545087314
32,14,0.2008477356672095
32,15,0.1980682403218769
32,16,0.19947862105428352
32,17,0.19876824750016403
32,18,0.2024010708725986
32,19,0.2044407563213995
32,20,0.1986885732845098
32,21,0.20172548997994874
32,22,0.2056305246110737
32,23,0.20882957680290298
32,24,0.21068740924075907
32,25,0.21301160821556892
32,26,0.21378548520350604
32,27,0.2139772250491311
32,28,0.2156210915768228
32,29,0.21113453798886964
32,30,0.21232504036935973
32,31,0.21404428072099357
32,32,0.21337753840323323
32,33,0.21129298976785968
32,34,0.21243000732796294
32,35,0.210141064453193
32,36,0.20890461000289712
32,37,0.210889750691027
32,38,0.21169105358532794
32,39,0.21216226256899298
32,40,0.20597906617475242
32,41,0.1996123094913837
32,42,0.20023140843119447
32,43,0.19998426458899557
32,44,0.20037564663645152
32,45,0.201582616865514
32,46,0.1972936342416363
32,47,0.1975157868657476
32,48,0.19796422012938208
32,49,0.1983074618944065
32,50,0.20119903595713878
33,1,0.3252222995693931
33,2,0.34222876959179677
33,3,0.24616137496350213
33,4,0.2533382442426564
33,5,0.26032268532595326
33,6,0.26059117856901104
33,7,0.2645440266052431
33,8,0.26896327033295625
33,9,0.26878852884197213
33,10,0.2693866106309863
33,11,0.2564508613698256
33,12,0.2579015663088636
33,13,0.20531578476173068
33,14,0.19976349624606884
33,15,0.19766082212342673
33,16,0.19783972845014752
33,17,0.19670161251916282
33,18,0.19980352841952384
33,19,0.20225854964630902
33,20,0.20058873346428652
33,21,0.2064827604735012
33,22,0.20860928432948092
33,23,0.2109474025323268
33,24,0.21317156491714714
33,25,0.2148180453515048
33,26,0.21323678922641265
33,27,0.21656496817029444
33,28,0.21148355512353564
33,29,0.2109923040171283
33,30,0.21194233667528195
33,31,0.21459105429633368
33,32,0.2117834958615287
33,33,0.21274430907591244
33,34,0.2092246720147146
33,35,0.2104600069742615
33,36,0.21119635215965615
33,37,0.21070943791874233
33,38,0.21116056059533392
33,39,0.20519950012410915
33,40,0.20636716757499457
33,41,0.20021086464301097
33,42,0.20108294153436154
33,43,0.2003335619382314
33,44,0.19720837907570032
33,45,0.19844945135128447
33,46,0.19766453975078768
33,47,0.19831875771029633
33,48,0.1983157112027666
33,49,0.20019056344172617
33,50,0.20159036486340845
34,1,0.3249210319205349
34,2,0.33383313925697505
34,3,0.2468777017685394
34,4,0.2536829428178033
34,5,0.2604455141158096
34,6,0.26058269898033753
34,7,0.26296535814920974
34,8,0.26841961799405045
34,9,0.2675952398213759
34,10,0.26794616453093284
34,11,0.25502217142238337
34,12,0.22646511671014244
34,13,0.19867443284548286
34,14,0.20028116083028166
34,15,0.1976157554467334
34,16,0.19670290622674896
34,17,0.1990610141830769
34,18,0.201689565452848
34,19,0.20254006264286822
34,20,0.20086883211979825
34,21,0.2068071051056595
34,22,0.2073173368128938
34,23,0.21118257544278426
34,24,0.21365587833495184
34,25,0.21543675842961887
34,26,0.21384018791477266
34,27,0.2159610645567
34,28,0.21152538796132983
34,29,0.21177267718333775
34,30,0.21286270314872843
34,31,0.21588042583141642
34,32,0.2140142574712786
34,33,0.20919173611157235
34,34,0.20957640451371803
34,35,0.21290080419927532
34,36,0.21178864029303837
34,37,0.21096077106025962
34,38,0.2046276311468844
34,39,0.20628199661161914
34,40,0.2027493592781001
34,41,0.2007618328149777
34,42,0.20125674772753419
34,43,0.20066641123845452
34,44,0.19822883255207666
34,45,0.19897096387626204
34,46,0.19798265780523233
34,47,0.19906424603324663
34,48,0.20074430416473807
34,49,0.2002142229758166
34,50,0.20212867188334632
35,1,0.3311160867308799
35,2,0.24674572584792387
35,3,0.2494554961691206
35,4,0.25236691311916637
35,5,0.25728734285337385
35,6,0.26580893296492675
35,7,0.25932709006525706
35,8,0.2649664617150516
35,9,0.2669164015652819
35,10,0.25090760384537275
35,11,0.2547054582808557
35,12,0.23961788249163535
35,13,0.20724552174378644
35,14,0.20220205495180568
35,15,0.2061024340881361
35,16,0.2069060633789348
35,17,0.2082357567848478
35,18,0.20702881512736698
35,19,0.20902555287285474
35,20,0.20812456868113619
35,21,0.20967954229196042
35,22,0.21177315644237743
35,23,0.21169410362434823
35,24,0.21468045213291573
35,25,0.21453188945141136
35,26,0.2130103174490611
35,27,0.21191081324288563
35,28,0.215324757216872
35,29,0.2156204339969973
35,30,0.21268162766659116
35,31,0.21335484373440305
35,32,0.21277152912206554
35,33,0.20684152968959696
35,34,0.20734920717955083
35,35,0.20617123778542124
35,36,0.20713513435337733
35,37,0.207553166512602
35,38,0.2079550827550199
35,39,0.20717574714232398
35,40,0.20130814531209912
35,41,0.2004966062383501
35,42,0.19864689828257323
35,43,0.20032932455646238
35,44,0.20124279154212274
35,45,0.20183751576862222
35,46,0.20221105343048154
35,47,0.20287284495718627
35,48,0.20283340628186786
35,49,0.20334884832851122
35,50,0.20324835245713876
36,1,0.3272233133885109
36,2,0.33699500502853036
36,3,0.24782259777980603
36,4,0.25640067687348733
36,5,0.26121443417512624
36,6,0.2633154112938762
36,7,0.2652825554403127
36,8,0.26684697126875373
36,9,0.26945195315385884
36,10,0.25751881597114995
36,11,0.2580301868602072
36,12,0.2290265103816826
36,13,0.19827643303691428
36,14,0.20162810977252446
36,15,0.19926729550080888
36,16,0.1990398033108098
36,17,0.20083620651321768
36,18,0.2030081050277869
36,19,0.20194720305794517
36,20,0.2023997091165615
36,21,0.20810092640036862
36,22,0.20989505821834864
36,23,0.21212044211643452
36,24,0.21343862147675735
36,25,0.21490295781766047
36,26,0.21396263344367888
36,27,0.2162275387710517
36,28,0.21252322217297287
36,29,0.21322509527244685
36,30,0.21398872094909613
36,31,0.2149492701376692
36,32,0.21233348763408397
36,33,0.20740915214378983
36,34,0.20731541438706164
36,35,0.21043013043116204
36,36,0.21064513628807552
36,37,0.2097853118645894
36,38,0.20283460877367684
36,39,0.20351385389029555
36,40,0.20513730356322926
36,41,0.20046296451289797
36,42,0.200290502416449
36,43,0.19932618857302387
36,44,0.19593136182636353
36,45,0.19645093556129817
36,46,0.1960296892179217
36,47,0.19585494197724876
36,48,0.198254761464431
36,49,0.19775107571256248
36,50,0.19904088253611554
37,1,0.3462991984679228
37,2,0.24365516539224727
37,3,0.2521664221540136
37,4,0.2615830107033789
37,5,0.2715721889131488
37,6,0.26614589811515993
37,7,0.27229913709547143
37,8,0.25616081260946644
37,9,0.2596475197529331
37,10,0.2627684657076691
37,11,0.2316372559481405
37,12,0.22229088386392626
37,13,0.21556907481575174
37,14,0.2152579620002537
37,15,0.2150418898007207
37,16,0.2005027933417546
37,17,0.2009790301301796
37,18,0.20313816384661948
37,19,0.205551761959195
37,20,0.2069993110559625
37,21,0.20881784004331871
37,22,0.20974025154934495
37,23,0.2111832557423082
37,24,0.20920228444383074
37,25,0.211444155576742
37,26,0.21287383895467418
37,27,0.21150153719231404
37,28,0.21231046919526492
37,29,0.21334362686943503
37,30,0.20757870688757907
37,31,0.20722190398999438
37,32,0.20530499707314662
37,33,0.20757759399042397
37,34,0.20923007063432653
37,35,0.21038338530395176
37,36,0.21180825568880424
37,37,0.2092506481476331
37,38,0.19613218528523266
37,39,0.19832197871881918
37,40,0.197153414968844
37,41,0.199449257389301
37,42,0.198546304751418
37,43,0.19802643226977756
37,44,0.19835225488997935
37,45,0.1989722627924147
37,46,0.19980847692547718
37,47,0.19906271050626592
37,48,0.20048795017399088
37,49,0.20378775382904424
37,50,0.20528977116924182
38,1,0.3310847687714564
38,2,0.2621929728844546
38,3,0.256922579347642
38,4,0.2531664301919488
38,5,0.26261545983646056
38,6,0.26437546428703185
38,7,0.2704959974101854
38,8,0.2585193597929072
38,9,0.2614351064469655
38,10,0.24270170418107595
38,11,0.21566080417625566
38,12,0.21805268000471092
38,13,0.20000580861572773
38,14,0.20354682427521117
38,15,0.20577389551510794
38,16,0.20554652116232885
38,17,0.20396461424816234
38,18,0.20606778920819105
38,19,0.20989788597734668
38,20,0.2144172706755869
38,21,0.21363506769549628
38,22,0.21404568484292102
38,23,0.21742267203852414
38,24,0.21712636813513997
38,25,0.21533318762233422
38,26,0.21909183945581778
38,27,0.2225669844428021
38,28,0.2208177098094491
38,29,0.22003322938345893
38,30,0.21632345308814668
38,31,0.20906642939604128
38,32,0.2080371119942452
38,33,0.20851931482838582
38,34,0.20800945073153715
38,35,0.20905730816830692
38,36,0.20324198014077896
38,37,0.20258074697770717
38,38,0.20294225648309192
38,39,0.20333712868210635
38,40,0.20534801348706025
38,41,0.2053333086085592
38,42,0.20221390404086897
38,43,0.20242840300914994
38,44,0.2027068181092956
38,45,0.1993567046586754
38,46,0.19978818526683936
38,47,0.20203180898319312
38,48,0.20131435226595326
38,49,0.20154625425962225
38,50,0.20173449120011358
39,1,0.3536610984671301
39,2,0.31614032794213864
39,3,0.29833404626766896
39,4,0.29551550477169314
39,5,0.2837913332677649
39,6,0.2246229285499954
39,7,0.22747716740243162
39,8,0.23315291710270655
39,9,0.2391873704544179
39,10,0.2426278158069947
39,11,0.24734901914150412
39,12,0.24862554946138796
39,13,0.2503397306209235
39,14,0.2489556299825699
39,15,0.24246844617367616
39,16,0.22476298339730333
39,17,0.22453282249060832
39,18,0.20283182283065893
39,19,0.20596992262306527
39,20,0.20589244127610923
39,21,0.20655081335764727
39,22,0.20606754791653456
39,23,0.2042285389477802
39,24,0.20141218167343342
39,25,0.20239422834489354
39,26,0.20298740735217755
39,27,0.2036046631038612
39,28,0.2062798122018118
39,29,0.2081712873024022
39,30,0.2116770310352707
39,31,0.21198402233655947
39,32,0.21221120936187518
39,33,0.21310375307521345
39,34,0.21365205973095303
39,35,0.2121032545605184
39,36,0.21343639272084378
39,37,0.21401852404796207
39,38,0.21583005421526383
39,39,0.21431088043978747
39,40,0.2041985957439864
39,41,0.19959968914147017
39,42,0.20060933328250005
39,43,0.20096047303058778
39,44,0.19994150611368303
39,45,0.2013684037188105
39,46,0.20050953337064187
39,47,0.20136549897841208
39,48,0.2016635761294367
39,49,0.20033027802972056
39,50,0.20287674693563312
40,1,0.33553170297809715
40,2,0.3121989269691083
40,3,0.30976007140526957
40,4,0.31582728795518106
40,5,0.30149778990457093
40,6,0.25208850053620574
40,7,0.23727423748609383
40,8,0.22775433993462887
40,9,0.2318212500739872
40,10,0.23695656520370428
40,11,0.23657685944429507
40,12,0.23991849937081972
40,13,0.23914364858622644
40,14,0.23985279896589504
40,15,0.24227189750177294
40,16,0.23313956907251046
40,17,0.2293230922964753
40,18,0.19397333395714897
40,19,0.19543408540847265
40,20,0.19534329810748322
40,21,0.19330254537413658
40,22,0.19259999692245533
40,23,0.19408310818919572
40,24,0.19411650975496433
40,25,0.19335285270868247
40,26,0.19356689172956112
40,27,0.19416643753328375
40,28,0.19629586463236273
40,29,0.1963050141540769
40,30,0.20179683280191274
40,31,0.20151151921161164
40,32,0.20179632610935153
40,33,0.20240327620065363
40,34,0.20370926112970844
40,35,0.20576328822140427
40,36,0.2065909178391348
40,37,0.20659892341509503
40,38,0.20735914894061175
40,39,0.20841175704351136
40,40,0.20388964186762176
40,41,0.19755570826950103
40,42,0.19470094971230434
40,43,0.1961454518930569
40,44,0.1957479038092241
40,45,0.19719019225351775
40,46,0.19771005328838126
40,47,0.19721662373755677
40,48,0.19666480489152488
40,49,0.19602012905264393
40,50,0.19698217306952084
41,1,0.34157974589404094
41,2,0.2561596783134521
41,3,0.24433677389904004
41,4,0.25497319785380457
41,5,0.26624397331937366
41,6,0.2760842110250318
41,7,0.27516795744432987
41,8,0.26101988623319256
41,9,0.26520731403666287
41,10,0.21360842199914987
41,11,0.21045925060721526
41,12,0.21067093985315818
41,13,0.21026144301872893
41,14,0.2042416148211773
41,15,0.2074061025531546
41,16,0.2081034202421116
41,17,0.21341601223017592
41,18,0.21604769749032682
41,19,0.21407458587195136
41,20,0.20645165288015435
41,21,0.2058325618882243
41,22,0.20625089786564102
41,23,0.2072383591331221
41,24,0.21299421300975566
41,25,0.21341963816082038
41,26,0.21419211387105233
41,27,0.21266978670283776
41,28,0.21135469167178284
41,29,0.20755314511096123
41,30,0.20984198865559722
41,31,0.2099387740688751
41,32,0.20657032925366461
41,33,0.1984113139719919
41,34,0.2001075708284516
41,35,0.20092110869825625
41,36,0.19937091784139022
41,37,0.2001859356465213
41,38,0.2014552902188608
41,39,0.20215828452913834
41,40,0.1993335520685846
41,41,0.19878194013349088
41,42,0.1967608800385485
41,43,0.19672706031909948
41,44,0.19994169290702515
41,45,0.19811392589115528
41,46,0.19938375783490875
41,47,0.19587651953857402
41,48,0.1965933495296004
41,49,0.19678524535966338
41,50,0.19726459958408696
42,1,0.3028868527871926
42,2,0.30039789721076204
42,3,0.298186207499863
42,4,0.24246898532693623
42,5,0.24790490872002652
42,6,0.24099162876738844
42,7,0.24737047819738223
42,8,0.2284503789219826
42,9,0.23166906490431083
42,10,0.21729473217322823
42,11,0.2117481689749019
42,12,0.2142117857261225
42,13,0.2151766006204576
42,14,0.2168216147540324
42,15,0.21310383332446597
42,16,0.21386963146977145
42,17,0.2180854593249105
42,18,0.21442666594269205
42,19,0.21684858786105143
42,20,0.2120944318883309
42,21,0.21249899136179942
42,22,0.21444429572181414
42,23,0.2104715736598271
42,24,0.2106446189992485
42,25,0.20890569585469068
42,26,0.20880906144453681
42,27,0.2100762000106128
42,28,0.21329662657528056
42,29,0.2096791118301447
42,30,0.21008519466223333
42,31,0.2097244505661261
42,32,0.1934589253868003
42,33,0.19407944489403692
42,34,0.19584372551644663
42,35,0.19735397105382635
42,36,0.19954685132558242
42,37,0.20115218253236491
42,38,0.1993334139356959
42,39,0.20336461971483544
42,40,0.20438529584788775
42,41,0.20465980405198902
42,42,0.20252903525349425
42,43,0.20109117026709455
42,44,0.20152500568191714
42,45,0.2023076946299284
42,46,0.2026683638492428
42,47,0.20576259917530618
42,48,0.20484596270756833
42,49,0.2044490717596921
42,50,0.20314755564575804
43,1,0.30537974696569414
43,2,0.31255145050928396
43,3,0.2399016022482083
43,4,0.22483652950809127
43,5,0.20419771853736338
43,6,0.1956208769814624
43,7,0.20258477377170891
43,8,0.20762753589608451
43,9,0.20911850029121906
43,10,0.21038919133897943
43,11,0.2174504077763642
43,12,0.22178175093470234
43,13,0.22719423617005952
43,14,0.20934696995961935
43,15,0.20977962565987102
43,16,0.20883571376802726
43,17,0.20568280673117362
43,18,0.20693412935167452
43,19,0.209396646472996
43,20,0.21169285448098243
43,21,0.20704178373644144
43,22,0.20673107557806428
43,23,0.20377029694296223
43,24,0.20529589492752867
43,25,0.20720660301066612
43,26,0.20691281318556223
43,27,0.20547866977459772
43,28,0.21025591221283382
43,29,0.21077339422449334
43,30,0.1978193310052825
43,31,0.1998775510242996
43,32,0.20045749516878053
43,33,0.20189984544827513
43,34,0.19895999349681048
43,35,0.1984002258858016
43,36,0.19978963495709764
43,37,0.20147179176802102
43,38,0.20252144741796055
43,39,0.20204711412113355
43,40,0.1987443152671308
43,41,0.20022341866540141
43,42,0.2010015078178782
43,43,0.201438534488284
43,44,0.20206840533658707
43,45,0.2016735771117782
43,46,0.20159179151665593
43,47,0.20244532371152335
43,48,0.202209041580726
43,49,0.2027444502785905
43,50,0.20273751921085778
44,1,0.339095616025811
44,2,0.2557684971654698
44,3,0.2612325202010136
44,4,0.2380624138032958
44,5,0.24204455489909238
44,6,0.2341516943217196
44,7,0.23713698188635557
44,8,0.24154590401442866
44,9,0.24271787611118356
44,10,0.2375715263008611
44,11,0.20368010303270292
44,12,0.20605261367029082
44,13,0.20091155898470697
44,14,0.2007948792300729
44,15,0.20157995109691576
44,16,0.19792963709590686
44,17,0.19770625761488617
44,18,0.2026760207232211
44,19,0.20409846278782437
44,20,0.20334635636681805
44,21,0.20481226697781657
44,22,0.2048344015750675
44,23,0.2064780541537569
44,24,0.20738656678728778
44,25,0.20937620651568437
44,26,0.21118256809087593
44,27,0.21248310339632087
44,28,0.20780330158698065
44,29,0.20948771144967038
44,30,0.20877868992109141
44,31,0.21145352504624748
44,32,0.2072211138137431
44,33,0.205514191797362
44,34,0.20412819722996894
44,35,0.19808156131472535
44,36,0.19864218387400048
44,37,0.20077562358000597
44,38,0.2020241194953719
44,39,0.2011574511057331
44,40,0.20050422994588116
44,41,0.20102532236625564
44,42,0.20177103977324337
44,43,0.2006879909288225
44,44,0.2012685248858183
44,45,0.20191855969779973
44,46,0.2018159854749428
44,47,0.20026098202312184
44,48,0.20043325721416272
44,49,0.19668508952359517
44,50,0.1981038666934985
45,1,0.3455432867126903
45,2,0.2673864774787133
45,3,0.2677975576364178
45,4,0.2568063619825687
45,5,0.26032372475461235
45,6,0.26654865826894497
45,7,0.2712493848878853
45,8,0.2670940369670916
45,9,0.2627082573128154
45,10,0.24783421755106497
45,11,0.23605521642758287
45,12,0.23541519579996195
45,13,0.20087085338984634
45,14,0.19801568334396522
45,15,0.2018168895465509
45,16,0.20565177048155764
45,17,0.20598517432007646
45,18,0.20365091432484392
45,19,0.2017621546038354
45,20,0.20890803893984175
45,21,0.20739278740906886
45,22,0.21056211473262337
45,23,0.2072664584971145
45,24,0.20899443327933295
45,25,0.2117362112613665
45,26,0.21353647195499526
45,27,0.21077288215810777
45,28,0.2114534906895106
45,29,0.2099620611638773
45,30,0.20875219145747353
45,31,0.20847352461034915
45,32,0.20523893337133883
45,33,0.20703391728416226
45,34,0.20851992297580707
45,35,0.20243002231362148
45,36,0.20417279318903803
45,37,0.20312015057982905
45,38,0.20392969621352294
45,39,0.20512502612199093
45,40,0.20526001778681477
45,41,0.20740301948956194
45,42,0.2075667162879073
45,43,0.20825445089253555
45,44,0.19972135881109368
45,45,0.19875975489596023
45,46,0.19815544315733064
45,47,0.20122047775441715
45,48,0.20020157781548908
45,49,0.20046863876788637
45,50,0.20084378818752768
46,1,0.34231117559155194
46,2,0.25633797054834007
46,3,0.2526288254184693
46,4,0.2662043255147628
46,5,0.2713104220656961
46,6,0.27422259757158374
46,7,0.27233373931363847
46,8,0.27492165960052756
46,9,0.26278217229358214
46,10,0.26253598180829346
46,11,0.26214634532974557
46,12,0.2645236649646852
46,13,0.20666559725349914
46,14,0.20053670779955174
46,15,0.203080488596793
46,16,0.20616606788500622
46,17,0.20824435261647736
46,18,0.20440863661792735
46,19,0.2101872821278603
46,20,0.20613165368477002
46,21,0.20813832094325585
46,22,0.20988892320616823
46,23,0.2076411651836156
46,24,0.2123888157421929
46,25,0.21478620972380746
46,26,0.21396278406538977
46,27,0.21368104838289273
46,28,0.2132869631905945
46,29,0.21297266293249653
46,30,0.21427024752179746
46,31,0.21269433698087126
46,32,0.21159950072007921
46,33,0.21250952959604605
46,34,0.21513171466433628
46,35,0.20946950651052354
46,36,0.20748537670167475
46,37,0.2055952614396179
46,38,0.20495430020758187
46,39,0.20564268625120483
46,40,0.20597509160092592
46,41,0.20685063634853082
46,42,0.2059157380225305
46,43,0.19616364283440663
46,44,0.19623210629176652
46,45,0.19633484780396127
46,46,0.19948917158781682
46,47,0.19693777570682336
46,48,0.19734911912821743
46,49,0.1996707002647714
46,50,0.19992890144381076
47,1,0.3436888186617135
47,2,0.2457527953180179
47,3,0.24843504100735853
47,4,0.25994554424779936
47,5,0.2505167667437767
47,6,0.25093879499148936
47,7,0.2507839017592771
47,8,0.2535145810428782
47,9,0.23989660505090588
47,10,0.23802628482659166
47,11,0.21260858584568884
47,12,0.203600628530368
47,13,0.20731984405858594
47,14,0.2076343031086145
47,15,0.20263382667863294
47,16,0.20480655999256495
47,17,0.20720549776536307
47,18,0.20819263405347588
47,19,0.20975169251988446
47,20,0.20370873784901916
47,21,0.20738405825409945
47,22,0.20646974532385068
47,23,0.20445630752049943
47,24,0.20344121619928213
47,25,0.20592054039541688
47,26,0.20712972709156152
47,27,0.21113142108729574
47,28,0.21215703996402382
47,29,0.21390862607133437
47,30,0.2106003882242079
47,31,0.21022317736601337
47,32,0.20035087887823155
47,33,0.20003323554486402
47,34,0.20079559357450544
47,35,0.19587070374086554
47,36,0.1986383761095442
47,37,0.2003987885826591
47,38,0.2015191151598244
47,39,0.20034712294680582
47,40,0.20113843823010372
47,41,0.2021950641287699
47,42,0.20103760233246892
47,43,0.19917093245980344
47,44,0.1994836767838012
47,45,0.2005975330389718
47,46,0.20251969091873084
47,47,0.20253682652286173
47,48,0.20281148536837582
47,49,0.2027680463038241
47,50,0.20291539961307534
48,1,0.3152080801213607
48,2,0.252959442271469
48,3,0.21917912966329736
48,4,0.23137304373769188
48,5,0.2362918585134005
48,6,0.2309767773497945
48,7,0.23791445507044245
48,8,0.23298360399484605
48,9,0.23347575503952506
48,10,0.23693983594174942
48,11,0.24116191808376092
48,12,0.2144377100045222
48,13,0.20457887779134426
48,14,0.20762915764086312
48,15,0.20774281091018088
48,16,0.21079529614040443
48,17,0.21156170368212687
48,18,0.21340306182980157
48,19,0.2056283099813865
48,20,0.2050916189418541
48,21,0.20292775803137406
48,22,0.2053967220845972
48,23,0.20458298211436401
48,24,0.20534506969966462
48,25,0.2052698504731735
48,26,0.20772605838870084
48,27,0.2070142554353968
48,28,0.2098647219618193
48,29,0.21078435929494127
48,30,0.212618438683536
48,31,0.21410181033194675
48,32,0.21000724397462137
48,33,0.19961399628129436
48,34,0.2010757778638667
48,35,0.20029813858622073
48,36,0.20440236361290787
48,37,0.2047357770352648
48,38,0.20656965412454648
48,39,0.2037932177608577
48,40,0.2033276483270363
48,41,0.20303930295427686
48,42,0.20311068047039244
48,43,0.20445176009391314
48,44,0.20525260654619457
48,45,0.20582652069971896
48,46,0.20770215974839001
48,47,0.20800289540328898
48,48,0.20703070659546163
48,49,0.20685689246642477
48,50,0.20672024534921604
49,1,0.3027136026478633
49,2,0.2959677238562022
49,3,0.3052908879787258
49,4,0.29746692483810944
49,5,0.24077159747098456
49,6,0.22471548098727237
49,7,0.23229105684559825
49,8,0.22199454757305997
49,9,0.22274955773648258
49,10,0.21112112407235636
49,11,0.21302696234103796
49,12,0.21514539791709228
49,13,0.2183689960432572
49,14,0.22363437013166432
49,15,0.22048728398704331
49,16,0.21835647255655383
49,17,0.22288918173656214
49,18,0.21991857883788654
49,19,0.21218513285163504
49,20,0.21323822772796816
49,21,0.21111088219511567
49,22,0.20169969411107355
49,23,0.20168033930455925
49,24,0.2040327252439829
49,25,0.20591020716706937
49,26,0.20622846814278636
49,27,0.20667356383501978
49,28,0.203552050478579
49,29,0.20552477519333764
49,30,0.20395703822325714
49,31,0.2042156987649984
49,32,0.20394821291063822
49,33,0.20412380181309622
49,34,0.20512968125993888
49,35,0.20730268443302904
49,36,0.2092255323774739
49,37,0.2100113152807299
49,38,0.2112315614166935
49,39,0.20846622134514511
49,40,0.20764647060111466
49,41,0.20857305035721724
49,42,0.20957976607875853
49,43,0.2084233423273893
49,44,0.2078253751832774
49,45,0.20859625429898876
49,46,0.2087501573493143
49,47,0.2086220726412304
49,48,0.20968413438028852
49,49,0.20928234932735093
49,50,0.2099966065239783
50,1,0.3022439926224472
50,2,0.31004453100846674
50,3,0.315361293002362
50,4,0.29129217331910795
50,5,0.21714610870456533
50,6,0.20273740047881245
50,7,0.20769886526802753
50,8,0.21396924194763536
50,9,0.20943296652836718
50,10,0.21301487704698222
50,11,0.2127350890500333
50,12,0.20871009487490935
50,13,0.21372262108570333
50,14,0.21805818774564828
50,15,0.21754293950114104
50,16,0.21278397668075638
50,17,0.211212021632425
50,18,0.21336238820965503
50,19,0.2158225434437313
50,20,0.211981811740791
50,21,0.21167636149134422
50,22,0.2125044384625023
50,23,0.20338799069239893
50,24,0.20426792763676946
50,25,0.20771294720032876
50,26,0.20643841249948217
50,27,0.20764219007706078
50,28,0.2052907854148397
50,29,0.20800316559328216
50,30,0.20576691604681654
50,31,0.20692050261085063
50,32,0.20552821898903054
50,33,0.20686814548794857
50,34,0.20716694225544718
50,35,0.2068698206175016
50,36,0.20769588150932627
50,37,0.2066376782817452
50,38,0.20799132566754971
50,39,0.20935011550334529
50,40,0.2071987146432368
50,41,0.20854274742482626
50,42,0.21019931528302538
50,43,0.21052656525340477
50,44,0.21055002407047793
50,45,0.2107610199177334
50,46,0.21037859269518883
50,47,0.20888727664746634
50,48,0.20897028058329398
50,49,0.20759868115074656
50,50,0.20872426105309194
